Mean,StandardDev,RMS,AbsMean,Skewness,Kurtosis,Variance,MaxValue,MinValue,Peak2Peak,WaveformIndex,PeakIndex,PulseIndex,MarginIndex,SkewnessIndex,KurtosisIndex,CustomFeature1,CustomFeature2,SpectralKurtosisMean,SpectralKurtosisStandardDeviation,SpectralKurtosisSkewness,SpectralKurtosisKurtosis,SpectralEntropyMean,SpectralEntropyStandardDeviation,SpectralEntropySkewness,SpectralEntropyKurtosis,SquareRootAmplitude,CustomFeature3
0.0207823960880196,0.0623471882640587,0.058679706601467,0.0513447432762836,0.0171149144254279,0.00366748166259169,0.0268948655256724,0.00122249388753056,0.0268948655256724,0,0.0366748166259169,0,0.00488997555012225,0.00366748166259169,0.0220048899755501,0.00244498777506112,0.0158924205378973,0.0574572127139364,0.0220048899755501,0.00611246943765281,0.00122249388753056,0.0134474327628362,0.00122249388753056,0.00855745721271394,0.0317848410757946,0.00611246943765281,0.0574572127139364,0.0183374083129584
