Mean,StandardDev,RMS,AbsMean,Skewness,Kurtosis,Variance,MaxValue,MinValue,Peak2Peak,WaveformIndex,PeakIndex,PulseIndex,MarginIndex,SkewnessIndex,KurtosisIndex,CustomFeature1,CustomFeature2,SpectralKurtosisMean,SpectralKurtosisStandardDeviation,SpectralKurtosisSkewness,SpectralKurtosisKurtosis,SpectralEntropyMean,SpectralEntropyStandardDeviation,SpectralEntropySkewness,SpectralEntropyKurtosis,SquareRootAmplitude,CustomFeature3
0.0150753768844221,0.0678391959798995,0.085427135678392,0.0628140703517588,0.0829145728643216,0.092964824120603,0.0628140703517588,0.0351758793969849,0.0125628140703518,0.0351758793969849,0.0226130653266332,0.0477386934673367,0.0452261306532663,0.050251256281407,0.0226130653266332,0.0050251256281407,0.0552763819095477,0.0728643216080402,0,0.00753768844221105,0.0201005025125628,0.00753768844221105,0.0477386934673367,0.0226130653266332,0.0402010050251256,0.0226130653266332,0.0452261306532663,0.00251256281407035
