Mean,StandardDev,RMS,AbsMean,Skewness,Kurtosis,Variance,MaxValue,MinValue,Peak2Peak,WaveformIndex,PeakIndex,PulseIndex,MarginIndex,SkewnessIndex,KurtosisIndex,CustomFeature1,CustomFeature2,SpectralKurtosisMean,SpectralKurtosisStandardDeviation,SpectralKurtosisSkewness,SpectralKurtosisKurtosis,SpectralEntropyMean,SpectralEntropyStandardDeviation,SpectralEntropySkewness,SpectralEntropyKurtosis,SquareRootAmplitude,CustomFeature3
0.00689655172413793,0.00689655172413793,0.00919540229885057,0.00689655172413793,0.00919540229885057,0.0229885057471264,0.0413793103448276,0.103448275862069,0.0206896551724138,0.103448275862069,0.00229885057471264,0.00919540229885057,0.0160919540229885,0.0114942528735632,0.00689655172413793,0.0114942528735632,0.0160919540229885,0.00919540229885057,0.00459770114942529,0.0160919540229885,0.00459770114942529,0.00689655172413793,0.00459770114942529,0.0206896551724138,0.0114942528735632,0,0.0459770114942529,0.0183908045977011
