Mean,StandardDev,RMS,AbsMean,Skewness,Kurtosis,Variance,MaxValue,MinValue,Peak2Peak,WaveformIndex,PeakIndex,PulseIndex,MarginIndex,SkewnessIndex,KurtosisIndex,CustomFeature1,CustomFeature2,SpectralKurtosisMean,SpectralKurtosisStandardDeviation,SpectralKurtosisSkewness,SpectralKurtosisKurtosis,SpectralEntropyMean,SpectralEntropyStandardDeviation,SpectralEntropySkewness,SpectralEntropyKurtosis,SquareRootAmplitude,CustomFeature3
0.00499643112062812,0.0164168451106353,0.0199857244825125,0.0306923625981442,0.000713775874375446,0.00285510349750178,0.00999286224125625,0.00642398286937901,0.00856531049250535,0.00571020699500357,0.0178443968593862,0.0135617416131335,0.0164168451106353,0.0171306209850107,0,0.019271948608137,0.211277658815132,0.0121341898643826,0.0135617416131335,0.0114204139900071,0.0157030692362598,0.00356887937187723,0.00428265524625268,0.00285510349750178,0.00142755174875089,0.00285510349750178,0.0235546038543897,0.00428265524625268
