Mean,StandardDev,RMS,AbsMean,Skewness,Kurtosis,Variance,MaxValue,MinValue,Peak2Peak,WaveformIndex,PeakIndex,PulseIndex,MarginIndex,SkewnessIndex,KurtosisIndex,CustomFeature1,CustomFeature2,SpectralKurtosisMean,SpectralKurtosisStandardDeviation,SpectralKurtosisSkewness,SpectralKurtosisKurtosis,SpectralEntropyMean,SpectralEntropyStandardDeviation,SpectralEntropySkewness,SpectralEntropyKurtosis,SquareRootAmplitude,CustomFeature3
0.0221270521056388,0.249821556031406,0.246252676659529,0.401142041399001,0,0.046395431834404,0.0935046395431834,0.0892219842969308,0.0107066381156317,0.0892219842969308,0.0199857244825125,0.00499643112062812,0.00713775874375446,0.00856531049250535,0.000713775874375446,0.831548893647395,1,0.245538900785153,0.0114204139900071,0.00214132762312634,0.00642398286937901,0.0121341898643826,0.0606709493219129,0.000713775874375446,0.000713775874375446,0.00785153461812991,0.511063526052819,0.00642398286937901
