Mean,StandardDev,RMS,AbsMean,Skewness,Kurtosis,Variance,MaxValue,MinValue,Peak2Peak,WaveformIndex,PeakIndex,PulseIndex,MarginIndex,SkewnessIndex,KurtosisIndex,CustomFeature1,CustomFeature2,SpectralKurtosisMean,SpectralKurtosisStandardDeviation,SpectralKurtosisSkewness,SpectralKurtosisKurtosis,SpectralEntropyMean,SpectralEntropyStandardDeviation,SpectralEntropySkewness,SpectralEntropyKurtosis,SquareRootAmplitude,CustomFeature3
0.0256723716381418,0.039119804400978,0.0440097799511002,0.0317848410757946,0.0293398533007335,0.0342298288508557,0.0183374083129584,0.0256723716381418,0.00366748166259169,0.0256723716381418,0.0635696821515892,0.00733496332518337,0.0110024449877751,0.00855745721271394,0.0171149144254279,0,0.00244498777506112,0.0427872860635697,0.0146699266503667,0.0097799511002445,0.00244498777506112,0.00488997555012225,0.00366748166259169,0.0134474327628362,0.00611246943765281,0.00488997555012225,0.0452322738386308,0.00122249388753056
