Mean,StandardDev,RMS,AbsMean,Skewness,Kurtosis,Variance,MaxValue,MinValue,Peak2Peak,WaveformIndex,PeakIndex,PulseIndex,MarginIndex,SkewnessIndex,KurtosisIndex,CustomFeature1,CustomFeature2,SpectralKurtosisMean,SpectralKurtosisStandardDeviation,SpectralKurtosisSkewness,SpectralKurtosisKurtosis,SpectralEntropyMean,SpectralEntropyStandardDeviation,SpectralEntropySkewness,SpectralEntropyKurtosis,SquareRootAmplitude,CustomFeature3
0.0155642023346304,0.0389105058365759,0.0389105058365759,0.0389105058365759,0.0194552529182879,0,0.0350194552529183,0.0116731517509728,0.0155642023346304,0.0116731517509728,0.0311284046692607,0.0350194552529183,0.0233463035019455,0.0350194552529183,0.0350194552529183,0.0233463035019455,0.0817120622568093,0.0389105058365759,0.0350194552529183,0.0389105058365759,0.0233463035019455,0.0194552529182879,0.0505836575875486,0.00389105058365759,0.00389105058365759,0.00778210116731518,0.0466926070038911,0.0155642023346304
