Mean,StandardDev,RMS,AbsMean,Skewness,Kurtosis,Variance,MaxValue,MinValue,Peak2Peak,WaveformIndex,PeakIndex,PulseIndex,MarginIndex,SkewnessIndex,KurtosisIndex,CustomFeature1,CustomFeature2,SpectralKurtosisMean,SpectralKurtosisStandardDeviation,SpectralKurtosisSkewness,SpectralKurtosisKurtosis,SpectralEntropyMean,SpectralEntropyStandardDeviation,SpectralEntropySkewness,SpectralEntropyKurtosis,SquareRootAmplitude,CustomFeature3
0.0100502512562814,0.0778894472361809,0.0603015075376884,0.0351758793969849,0.0150753768844221,0.0402010050251256,0.0125628140703518,0.0376884422110553,0.00753768844221105,0.0351758793969849,0.0276381909547739,0.0100502512562814,0.0125628140703518,0.0125628140703518,0.00251256281407035,0.185929648241206,0.0879396984924623,0.0778894472361809,0.0150753768844221,0.0226130653266332,0.0201005025125628,0.0276381909547739,0.0100502512562814,0.00753768844221105,0.0276381909547739,0.0301507537688442,0.00753768844221105,0.0175879396984925
