Mean,StandardDev,RMS,AbsMean,Skewness,Kurtosis,Variance,MaxValue,MinValue,Peak2Peak,WaveformIndex,PeakIndex,PulseIndex,MarginIndex,SkewnessIndex,KurtosisIndex,CustomFeature1,CustomFeature2,SpectralKurtosisMean,SpectralKurtosisStandardDeviation,SpectralKurtosisSkewness,SpectralKurtosisKurtosis,SpectralEntropyMean,SpectralEntropyStandardDeviation,SpectralEntropySkewness,SpectralEntropyKurtosis,SquareRootAmplitude,CustomFeature3
0.010989010989011,0.00659340659340659,0.0021978021978022,0.0263736263736264,0.0021978021978022,0.00879120879120879,0.0043956043956044,0.021978021978022,0.0197802197802198,0.021978021978022,0.00659340659340659,0.0483516483516484,0.0395604395604396,0.043956043956044,0.00879120879120879,0.0307692307692308,0.0021978021978022,0.0021978021978022,0.00659340659340659,0.0043956043956044,0.00659340659340659,0.0197802197802198,0.0021978021978022,0.021978021978022,0.00659340659340659,0.010989010989011,0.0131868131868132,0.0131868131868132
